{"cameraMode":{"drawMode":0,"name":"Shaded","section":"Shading Mode"},"sceneLighting":false,"audioPlay":false,"sceneViewState":{"m_AlwaysRefresh":false,"showFog":true,"showSkybox":false,"showFlares":true,"showImageEffects":true,"showParticleSystems":true,"showVisualEffectGraphs":true,"m_FxEnabled":true},"in2DMode":false,"pivot":{"x":-0.36489027738571169,"y":1.0773839950561524,"z":0.7104530334472656},"rotation":{"x":-0.35247042775154116,"y":0.021611586213111879,"z":-0.008143029175698758,"w":-0.9355397820472717},"size":9.049965858459473,"orthographic":false}